"Data Source","World Development Indicators",

"Last Updated Date","2022-09-16",

"Country Name","Country Code","Indicator Name","Indicator Code","1960","1961","1962","1963","1964","1965","1966","1967","1968","1969","1970","1971","1972","1973","1974","1975","1976","1977","1978","1979","1980","1981","1982","1983","1984","1985","1986","1987","1988","1989","1990","1991","1992","1993","1994","1995","1996","1997","1998","1999","2000","2001","2002","2003","2004","2005","2006","2007","2008","2009","2010","2011","2012","2013","2014","2015","2016","2017","2018","2019","2020","2021",
"Aruba","ABW","Technicians in R&D (per million people)","SP.POP.TECH.RD.P6","","","","","","","","","","","","","","","","","","","","","","","","","","","","","","","","","","","","","","","","","","","","","","","","","","","","","","","","","","","","","","",
"Africa Eastern and Southern","AFE","Technicians in R&D (per million people)","SP.POP.TECH.RD.P6","","","","","","","","","","","","","","","","","","","","","","","","","","","","","","","","","","","","","","","","","","","","","","","","","","","","","","","","","","","","","","",
"Afghanistan","AFG","Technicians in R&D (per million people)","SP.POP.TECH.RD.P6","","","","","","","","","","","","","","","","","","","","","","","","","","","","","","","","","","","","","","","","","","","","","","","","","","","","","","","","","","","","","","",
"Africa Western and Central","AFW","Technicians in R&D (per million people)","SP.POP.TECH.RD.P6","","","","","","","","","","","","","","","","","","","","","","","","","","","","","","","","","","","","","","","","","","","","","","","","","","","","","","","","","","","","","","",
"Angola","AGO","Technicians in R&D (per million people)","SP.POP.TECH.RD.P6","","","","","","","","","","","","","","","","","","","","","","","","","","","","","","","","","","","","","","","","","","","","","","","","","","","","35.4243","","","","","5.20066","","","","","",
"Albania","ALB","Technicians in R&D (per million people)","SP.POP.TECH.RD.P6","","","","","","","","","","","","","","","","","","","","","","","","","","","","","","","","","","","","","","","","","","","","","","","","","39.96433","","","","","","","","","","","","","",
"Andorra","AND","Technicians in R&D (per million people)","SP.POP.TECH.RD.P6","","","","","","","","","","","","","","","","","","","","","","","","","","","","","","","","","","","","","","","","","","","","","","","","","","","","","","","","","","","","","","",
"Arab World","ARB","Technicians in R&D (per million people)","SP.POP.TECH.RD.P6","","","","","","","","","","","","","","","","","","","","","","","","","","","","","","","","","","","","","","","","","","","","","","","","","","","","","","","","","","","","","","",
"United Arab Emirates","ARE","Technicians in R&D (per million people)","SP.POP.TECH.RD.P6","","","","","","","","","","","","","","","","","","","","","","","","","","","","","","","","","","","","","","","","","","","","","","","","","","","","","","","","","","","889.5377","","","",
"Argentina","ARG","Technicians in R&D (per million people)","SP.POP.TECH.RD.P6","","","","","","","","","","","","","","","","","","","","","","","","","","","","","","","","","","","","","","159.91058","170.72683","156.49672","158.28249","166.62351","161.13902","168.76765","180.99878","200.24204","207.45801","194.83778","205.4882","227.03476","247.45846","272.47976","307.17135","320.69368","318.78033","326.07927","328.60276","349.52207","398.051","","","",
"Armenia","ARM","Technicians in R&D (per million people)","SP.POP.TECH.RD.P6","","","","","","","","","","","","","","","","","","","","","","","","","","","","","","","","","","","","","","","","","","","","","","","","","","","","","","","","","","","","","","",
"American Samoa","ASM","Technicians in R&D (per million people)","SP.POP.TECH.RD.P6","","","","","","","","","","","","","","","","","","","","","","","","","","","","","","","","","","","","","","","","","","","","","","","","","","","","","","","","","","","","","","",
"Antigua and Barbuda","ATG","Technicians in R&D (per million people)","SP.POP.TECH.RD.P6","","","","","","","","","","","","","","","","","","","","","","","","","","","","","","","","","","","","","","","","","","","","","","","","","","","","","","","","","","","","","","",
"Australia","AUS","Technicians in R&D (per million people)","SP.POP.TECH.RD.P6","","","","","","","","","","","","","","","","","","","","","","","","","","","","","","","","","","","","","814.21598","","795.87794","","819.47485","","961.32396","","885.3275","","1017.79166","","1136.46069","","","","","","","","","","","","","",
"Austria","AUT","Technicians in R&D (per million people)","SP.POP.TECH.RD.P6","","","","","","","","","","","","","","","","","","","","","","","","","","","","","","","","","","","","","","","984.82163","","","","1253.18216","","1468.56351","","1788.90602","1957.95224","","1995.61358","","2168.99483","","2373.68529","","2579.54569","","2648.10229","","","","",
"Azerbaijan","AZE","Technicians in R&D (per million people)","SP.POP.TECH.RD.P6","","","","","","","","","","","","","","","","","","","","","","","","","","","","","","","","","","","","","","","","","","","","","","","","","","","","","","","","","","","","","","",
"Burundi","BDI","Technicians in R&D (per million people)","SP.POP.TECH.RD.P6","","","","","","","","","","","","","","","","","","","","","","","","","","","","","","","","","","","","","","","","","","","","","","","","","","","","","17.60764","","","","","","6.58591","","","",
"Belgium","BEL","Technicians in R&D (per million people)","SP.POP.TECH.RD.P6","","","","","","","","","","","","","","","","","","","","","","","","","","","","","","","","","","","","","938.84187","971.23698","1004.89397","1061.92619","1403.22814","1457.2644","1481.71745","1467.82196","1404.7929","1426.6391","1348.9584","1384.87556","1461.58834","1471.85887","1316.48045","1377.89573","","","","","","","","","","",
"Benin","BEN","Technicians in R&D (per million people)","SP.POP.TECH.RD.P6","","","","","","","","","","","","","","","","","","","","","","","","","","","","","","","","","","","","","","","","","","","","","","","","","","","","","","","","","","","","","","",
"Burkina Faso","BFA","Technicians in R&D (per million people)","SP.POP.TECH.RD.P6","","","","","","","","","","","","","","","","","","","","","","","","","","","","","","","","","","","","","","","","","","","","","","","","","","","37.13021","","","","","","","","","","","",
"Bangladesh","BGD","Technicians in R&D (per million people)","SP.POP.TECH.RD.P6","","","","","","","","","","","","","","","","","","","","","","","","","","","","","","","","","","","","","","","","","","","","","","","","","","","","","","","","","","","","","","",
"Bulgaria","BGR","Technicians in R&D (per million people)","SP.POP.TECH.RD.P6","","","","","","","","","","","","","","","","","","","","","","","","","","","","","","","","","","","","","985.16999","554.07977","597.46832","474.64993","479.24739","477.38517","472.01719","478.58158","480.46182","491.48155","503.60293","480.15804","496.80446","538.30106","498.85468","442.22182","","","","","","","","","","",
"Bahrain","BHR","Technicians in R&D (per million people)","SP.POP.TECH.RD.P6","","","","","","","","","","","","","","","","","","","","","","","","","","","","","","","","","","","","","","","","","","","","","","","","","","","","","","","17.2146","","","","","","","",
"Bahamas, The","BHS","Technicians in R&D (per million people)","SP.POP.TECH.RD.P6","","","","","","","","","","","","","","","","","","","","","","","","","","","","","","","","","","","","","","","","","","","","","","","","","","","","","","","","","","","","","","",
"Bosnia and Herzegovina","BIH","Technicians in R&D (per million people)","SP.POP.TECH.RD.P6","","","","","","","","","","","","","","","","","","","","","","","","","","","","","","","","","","","","","","","","","","","","45.08538","52.35463","52.6299","65.04022","71.73355","","","","","39.66744","40.76095","52.12364","66.07645","63.72801","66.9546","50.93376","","","",
"Belarus","BLR","Technicians in R&D (per million people)","SP.POP.TECH.RD.P6","","","","","","","","","","","","","","","","","","","","","","","","","","","","","","","","","","","","","","","","","","","","","","","","","","","","","","","","","","","","","","",
"Belize","BLZ","Technicians in R&D (per million people)","SP.POP.TECH.RD.P6","","","","","","","","","","","","","","","","","","","","","","","","","","","","","","","","","","","","","","","","","","","","","","","","","","","","","","","","","","","","","","",
"Bermuda","BMU","Technicians in R&D (per million people)","SP.POP.TECH.RD.P6","","","","","","","","","","","","","","","","","","","","","","","","","","","","","","","","","","","","","","","","","","","","","","","","","","","","","","","","","","","","","","",
"Bolivia","BOL","Technicians in R&D (per million people)","SP.POP.TECH.RD.P6","","","","","","","","","","","","","","","","","","","","","","","","","","","","","","","","","","","","","","","","","","","","","","","","","","35.10447","25.62549","","","","","","","","","","","",
"Brazil","BRA","Technicians in R&D (per million people)","SP.POP.TECH.RD.P6","","","","","","","","","","","","","","","","","","","","","","","","","","","","","","","","","","","","","","","","","335.9403","324.4342","313.34843","371.29267","450.26914","497.05356","526.26259","566.52684","606.16456","681.02727","754.57696","809.69231","863.93363","917.32864","969.90222","","","","","","","",
"Barbados","BRB","Technicians in R&D (per million people)","SP.POP.TECH.RD.P6","","","","","","","","","","","","","","","","","","","","","","","","","","","","","","","","","","","","","","","","","","","","","","","","","","","","","","","","","","","","","","",
"Brunei Darussalam","BRN","Technicians in R&D (per million people)","SP.POP.TECH.RD.P6","","","","","","","","","","","","","","","","","","","","","","","","","","","","","","","","","","","","","","","","","","","","","","","","","","","","","","","","","","","","","","",
"Bhutan","BTN","Technicians in R&D (per million people)","SP.POP.TECH.RD.P6","","","","","","","","","","","","","","","","","","","","","","","","","","","","","","","","","","","","","","","","","","","","","","","","","","","","","","","","","","","","","","",
"Botswana","BWA","Technicians in R&D (per million people)","SP.POP.TECH.RD.P6","","","","","","","","","","","","","","","","","","","","","","","","","","","","","","","","","","","","","","","","","","","","","","","","","","","","","72.56481","125.088","","","","","","","","",
"Central African Republic","CAF","Technicians in R&D (per million people)","SP.POP.TECH.RD.P6","","","","","","","","","","","","","","","","","","","","","","","","","","","","","","","","","","","","","","","","","","","","","","","","","","","","","","","","","","","","","","",
"Canada","CAN","Technicians in R&D (per million people)","SP.POP.TECH.RD.P6","","","","","","","","","","","","","","","","","","","","","","","","","","","","","","","","","","","","","1127.03531","1107.84671","1104.6539","1118.78502","1240.66709","1312.82073","1367.61949","1463.09482","1621.85129","1642.34836","1761.07271","1982.64275","1960.24685","1789.24417","1520.7527","1555.04655","1369.90891","1378.32254","1352.97622","1455.58808","1247.83745","1268.37307","","","","",
"Central Europe and the Baltics","CEB","Technicians in R&D (per million people)","SP.POP.TECH.RD.P6","","","","","","","","","","","","","","","","","","","","","","","","","","","","","","","","","","","","","602.472825605382","542.938521549583","517.488814497094","482.689820451328","442.505273845316","427.243722221557","422.686157133652","404.137838370974","409.384289650409","439.855143122603","465.964909519298","461.939186458459","455.357179845671","462.804699088899","494.422068899859","559.531833365996","619.857365674651","623.426821841101","639.586102559479","654.00914681074","625.667737037652","656.775709300417","","","","",
"Switzerland","CHE","Technicians in R&D (per million people)","SP.POP.TECH.RD.P6","","","","","","","","","","","","","","","","","","","","","","","","","","","","","","","","","","","","","2761.42496","","","","2320.90631","","","","2338.96985","","","","2854.92025","","","","2682.81316","","","2935.19578","","2619.74154","","","","",
"Channel Islands","CHI","Technicians in R&D (per million people)","SP.POP.TECH.RD.P6","","","","","","","","","","","","","","","","","","","","","","","","","","","","","","","","","","","","","","","","","","","","","","","","","","","","","","","","","","","","","","",
"Chile","CHL","Technicians in R&D (per million people)","SP.POP.TECH.RD.P6","","","","","","","","","","","","","","","","","","","","","","","","","","","","","","","","","","","","","","","","","","","","","","","","244.94853","294.72043","213.66577","229.09842","268.65115","308.30247","272.4879","313.67807","284.7413","296.68053","303.46696","","","","",
"China","CHN","Technicians in R&D (per million people)","SP.POP.TECH.RD.P6","","","","","","","","","","","","","","","","","","","","","","","","","","","","","","","","","","","","","","","","","","","","","","","","","","","","","","","","","","","","","","",
"Cote d'Ivoire","CIV","Technicians in R&D (per million people)","SP.POP.TECH.RD.P6","","","","","","","","","","","","","","","","","","","","","","","","","","","","","","","","","","","","","","","","","","","","","","","","","","","","","","","","","","","","","","",
"Cameroon","CMR","Technicians in R&D (per million people)","SP.POP.TECH.RD.P6","","","","","","","","","","","","","","","","","","","","","","","","","","","","","","","","","","","","","","","","","","","","","","","","","","","","","","","","","","","","","","",
"Congo, Dem. Rep.","COD","Technicians in R&D (per million people)","SP.POP.TECH.RD.P6","","","","","","","","","","","","","","","","","","","","","","","","","","","","","","","","","","","","","","","","","","","","","","","","","","","","","","","","6.66802","","","","","","",
"Congo, Rep.","COG","Technicians in R&D (per million people)","SP.POP.TECH.RD.P6","","","","","","","","","","","","","","","","","","","","","","","","","","","","","","","","","","","","","43.79337","41.50275","40.06238","37.60162","35.49262","","","","","","","","","","","","","","","","","","","","","",
"Colombia","COL","Technicians in R&D (per million people)","SP.POP.TECH.RD.P6","","","","","","","","","","","","","","","","","","","","","","","","","","","","","","","","","","","","","","","","","","","","","","","","","","","","","","","","","","","","","","",
"Comoros","COM","Technicians in R&D (per million people)","SP.POP.TECH.RD.P6","","","","","","","","","","","","","","","","","","","","","","","","","","","","","","","","","","","","","","","","","","","","","","","","","","","","","","","","","","","","","","",
"Cabo Verde","CPV","Technicians in R&D (per million people)","SP.POP.TECH.RD.P6","","","","","","","","","","","","","","","","","","","","","","","","","","","","","","","","","","","","","","","","","","32.13154","33.86379","","","","","","","","","8.01833","","","40.51934","","","","","","","",
"Costa Rica","CRI","Technicians in R&D (per million people)","SP.POP.TECH.RD.P6","","","","","","","","","","","","","","","","","","","","","","","","","","","","","","","","","","","","","","","","","","","","","","","","","","","","","","","","","","","","","","",
"Caribbean small states","CSS","Technicians in R&D (per million people)","SP.POP.TECH.RD.P6","","","","","","","","","","","","","","","","","","","","","","","","","","","","","","","","","","","","","","","","","","","","","","","","","","","","","","","","","","","","","","",
"Cuba","CUB","Technicians in R&D (per million people)","SP.POP.TECH.RD.P6","","","","","","","","","","","","","","","","","","","","","","","","","","","","","","","","","","","","","","","","","","","","","","","","","","","","","","","","","","","","","","",
"Curacao","CUW","Technicians in R&D (per million people)","SP.POP.TECH.RD.P6","","","","","","","","","","","","","","","","","","","","","","","","","","","","","","","","","","","","","","","","","","","","","","","","","","","","","","","","","","","","","","",
"Cayman Islands","CYM","Technicians in R&D (per million people)","SP.POP.TECH.RD.P6","","","","","","","","","","","","","","","","","","","","","","","","","","","","","","","","","","","","","","","","","","","","","","","","","","","","","","","","","","","","","","",
"Cyprus","CYP","Technicians in R&D (per million people)","SP.POP.TECH.RD.P6","","","","","","","","","","","","","","","","","","","","","","","","","","","","","","","","","","","","","","","246.02335","285.30175","279.55025","265.04559","288.62859","330.61601","331.48403","366.92907","356.24001","342.63647","292.37198","280.78228","257.2191","256.37724","236.75391","236.59674","264.46031","256.9788","271.40788","325.14267","","","","",
"Czech Republic","CZE","Technicians in R&D (per million people)","SP.POP.TECH.RD.P6","","","","","","","","","","","","","","","","","","","","","","","","","","","","","","","","","","","","","678.82031","705.91611","679.53426","718.29078","711.31642","789.50382","789.09423","879.07808","922.46694","1342.60439","1538.09037","1489.78097","1451.56853","1525.98946","1515.74334","1619.13561","1739.6253","1788.35536","1873.81717","1825.24397","1828.94553","1957.18198","2186.3591","","","",
"Germany","DEU","Technicians in R&D (per million people)","SP.POP.TECH.RD.P6","","","","","","","","","","","","","","","","","","","","","","","","","","","","","","","","","","","","","1354.51349","1372.85047","1364.39009","","","","","1102.20772","1076.26203","1159.00519","1214.18065","1318.31768","1354.20763","1380.22509","1400.66219","1725.48048","1733.25114","1709.52961","1883.19568","1909.85383","1945.70514","2006.65327","","","","",
"Djibouti","DJI","Technicians in R&D (per million people)","SP.POP.TECH.RD.P6","","","","","","","","","","","","","","","","","","","","","","","","","","","","","","","","","","","","","","","","","","","","","","","","","","","","","","","","","","","","","","",
"Dominica","DMA","Technicians in R&D (per million people)","SP.POP.TECH.RD.P6","","","","","","","","","","","","","","","","","","","","","","","","","","","","","","","","","","","","","","","","","","","","","","","","","","","","","","","","","","","","","","",
"Denmark","DNK","Technicians in R&D (per million people)","SP.POP.TECH.RD.P6","","","","","","","","","","","","","","","","","","","","","","","","","","","","","","","","","","","","","","","","","","","","","","1988.58108","2000.97184","2107.29003","","2236.5603","2260.51353","2123.59784","","","","","","","","","","",
"Dominican Republic","DOM","Technicians in R&D (per million people)","SP.POP.TECH.RD.P6","","","","","","","","","","","","","","","","","","","","","","","","","","","","","","","","","","","","","","","","","","","","","","","","","","","","","","","","","","","","","","",
"Algeria","DZA","Technicians in R&D (per million people)","SP.POP.TECH.RD.P6","","","","","","","","","","","","","","","","","","","","","","","","","","","","","","","","","","","","","","","","","","","","","","34.20843","","","","","","","","","","","","41.86166","","","","",
"East Asia & Pacific (excluding high income)","EAP","Technicians in R&D (per million people)","SP.POP.TECH.RD.P6","","","","","","","","","","","","","","","","","","","","","","","","","","","","","","","","","","","","","","","","","","","","","","","","","","","","","","","","","","","","","","",
"Early-demographic dividend","EAR","Technicians in R&D (per million people)","SP.POP.TECH.RD.P6","","","","","","","","","","","","","","","","","","","","","","","","","","","","","","","","","","","","","","","","","","","","","","89.2668445238512","","","","","","","","","","110.797277680279","","","","","","",
"East Asia & Pacific","EAS","Technicians in R&D (per million people)","SP.POP.TECH.RD.P6","","","","","","","","","","","","","","","","","","","","","","","","","","","","","","","","","","","","","","","","","","","","","","","","","","","","","","","","","","","","","","",
"Europe & Central Asia (excluding high income)","ECA","Technicians in R&D (per million people)","SP.POP.TECH.RD.P6","","","","","","","","","","","","","","","","","","","","","","","","","","","","","","","","","","","","","","","","","","","","356.781791783202","353.012533758824","336.727386081291","341.772576660995","322.903753151164","307.043804743196","306.378368529546","307.368595414473","313.153243664219","303.303103256429","308.135340697323","314.09161517484","310.389320477116","321.685620865516","320.425189579542","","","","",
"Europe & Central Asia","ECS","Technicians in R&D (per million people)","SP.POP.TECH.RD.P6","","","","","","","","","","","","","","","","","","","","","","","","","","","","","","","","","","","","","","","","","","","","","734.246322893449","724.833173761221","743.113878994207","765.316850834746","753.511589359571","789.970434430314","771.142762716853","873.632611447946","821.819455840651","829.355204129759","835.314496733675","894.925557888533","851.244673238376","870.98574891196","","","","",
"Ecuador","ECU","Technicians in R&D (per million people)","SP.POP.TECH.RD.P6","","","","","","","","","","","","","","","","","","","","","","","","","","","","","","","","","","","","","","","","","","","","","","","18.70637","18.81572","29.8712","59.10345","68.55641","77.20072","83.49435","78.56133","89.95827","","","","","","","",
"Egypt, Arab Rep.","EGY","Technicians in R&D (per million people)","SP.POP.TECH.RD.P6","","","","","","","","","","","","","","","","","","","","","","","","","","","","","","","","","","","","","","","","","","","","","","","","174.48075","208.85006","243.66857","250.81791","259.76806","267.15345","272.8024","351.62174","343.94633","336.64648","371.19492","369.55568","","","",
"Euro area","EMU","Technicians in R&D (per million people)","SP.POP.TECH.RD.P6","","","","","","","","","","","","","","","","","","","","","","","","","","","","","","","","","","","","","914.627832613665","","","","","","","","1185.64495964806","1188.48158474717","1290.65904268346","1337.86456707436","1344.17022889006","1398.75661813121","1398.49219127141","1525.39288000298","","1573.36125999837","","1643.50584472709","","1698.03729958319","","","","",
"Eritrea","ERI","Technicians in R&D (per million people)","SP.POP.TECH.RD.P6","","","","","","","","","","","","","","","","","","","","","","","","","","","","","","","","","","","","","","","","","","","","","","","","","","","","","","","","","","","","","","",
"Spain","ESP","Technicians in R&D (per million people)","SP.POP.TECH.RD.P6","","","","","","","","","","","","","","","","","","","","","","","","","","","","","","","","","","","","","433.01054","447.72996","482.91658","583.19884","627.61921","688.78012","724.63027","851.66246","874.44348","906.50375","1002.53831","1108.12071","1124.66762","1242.57343","1293.31531","1243.61145","1232.99904","1210.76203","1163.05227","1189.6445","1189.22255","1264.92042","","","","",
"Estonia","EST","Technicians in R&D (per million people)","SP.POP.TECH.RD.P6","","","","","","","","","","","","","","","","","","","","","","","","","","","","","","","","","","","","","","","538.98428","534.26833","378.8117","339.14624","378.95991","417.36197","479.6251","418.25017","575.08617","598.82645","617.87679","625.68528","680.8793","662.04266","708.90951","802.08512","676.14947","675.11832","710.21109","654.84807","","","","",
"Ethiopia","ETH","Technicians in R&D (per million people)","SP.POP.TECH.RD.P6","","","","","","","","","","","","","","","","","","","","","","","","","","","","","","","","","","","","","","","","","","","","","","10.20351","","12.12281","","","16.44227","","","33.09298","","","","33.25717","","","","",
"European Union","EUU","Technicians in R&D (per million people)","SP.POP.TECH.RD.P6","","","","","","","","","","","","","","","","","","","","","","","","","","","","","","","","","","","","","818.117650461742","","","","","","","","973.660595778537","1002.122451648","1081.6689901447","1138.78186893626","1099.27413070191","1190.14006101757","1169.77684718619","1308.78767933248","1281.92487741176","1312.08816359212","1321.94938206976","1374.95252012701","1342.87815536681","1420.56763556936","","","","",
"Fragile and conflict affected situations","FCS","Technicians in R&D (per million people)","SP.POP.TECH.RD.P6","","","","","","","","","","","","","","","","","","","","","","","","","","","","","","","","","","","","","","","","","","","","","","","","","","","","","","","","","","","","","","",
"Finland","FIN","Technicians in R&D (per million people)","SP.POP.TECH.RD.P6","","","","","","","","","","","","","","","","","","","","","","","","","","","","","","","","","","","","","","","","","","","","","","","","","","","","","","","","","","","","","","",
"Fiji","FJI","Technicians in R&D (per million people)","SP.POP.TECH.RD.P6","","","","","","","","","","","","","","","","","","","","","","","","","","","","","","","","","","","","","","","","","","","","","","","","","","","","","","","","","","","","","","",
"France","FRA","Technicians in R&D (per million people)","SP.POP.TECH.RD.P6","","","","","","","","","","","","","","","","","","","","","","","","","","","","","","","","","","","","","","","","","","","","","1753.19275","1720.73252","1861.92102","1825.85921","1861.63937","1895.0048","1882.38567","1876.40812","1874.23047","1836.13681","1809.34158","1798.3546","1804.90705","1805.54395","","","","",
"Faroe Islands","FRO","Technicians in R&D (per million people)","SP.POP.TECH.RD.P6","","","","","","","","","","","","","","","","","","","","","","","","","","","","","","","","","","","","","","","","","","","","864.39534","","","","","","","","","","","","","","","","","","",
"Micronesia, Fed. Sts.","FSM","Technicians in R&D (per million people)","SP.POP.TECH.RD.P6","","","","","","","","","","","","","","","","","","","","","","","","","","","","","","","","","","","","","","","","","","","","","","","","","","","","","","","","","","","","","","",
"Gabon","GAB","Technicians in R&D (per million people)","SP.POP.TECH.RD.P6","","","","","","","","","","","","","","","","","","","","","","","","","","","","","","","","","","","","","","","","","","","","","","","","","","","","","","","","","","","","","","",
"United Kingdom","GBR","Technicians in R&D (per million people)","SP.POP.TECH.RD.P6","","","","","","","","","","","","","","","","","","","","","","","","","","","","","","","","","","","","","","","","","","","","","","688.25524","725.70233","853.49869","894.86867","918.9098","934.29414","1140.06267","1061.34473","1188.21523","1255.49029","1349.98182","1305.4251","","","","","",
"Georgia","GEO","Technicians in R&D (per million people)","SP.POP.TECH.RD.P6","","","","","","","","","","","","","","","","","","","","","","","","","","","","","","","","","","","","","","","","","","","","","","","","","","","","","","136.58702","191.63331","173.30226","190.8877","195.39174","241.59731","","","",
"Ghana","GHA","Technicians in R&D (per million people)","SP.POP.TECH.RD.P6","","","","","","","","","","","","","","","","","","","","","","","","","","","","","","","","","","","","","","","","","","","","","","","","14.92775","","","29.51619","","","","","28.65432","","","","","","",
"Gibraltar","GIB","Technicians in R&D (per million people)","SP.POP.TECH.RD.P6","","","","","","","","","","","","","","","","","","","","","","","","","","","","","","","","","","","","","","","","","","","","","","","","","","","","","","","","","","","","","","",
"Guinea","GIN","Technicians in R&D (per million people)","SP.POP.TECH.RD.P6","","","","","","","","","","","","","","","","","","","","","","","","","","","","","","","","","","","","","","","","","","","","","","","","","","","","","","","","","","","","","","",
"Gambia, The","GMB","Technicians in R&D (per million people)","SP.POP.TECH.RD.P6","","","","","","","","","","","","","","","","","","","","","","","","","","","","","","","","","","","","","","","","","","","","","","","","","118.39328","113.77486","","398.7778","","","","","","","88.81213","","","",
"Guinea-Bissau","GNB","Technicians in R&D (per million people)","SP.POP.TECH.RD.P6","","","","","","","","","","","","","","","","","","","","","","","","","","","","","","","","","","","","","","","","","","","","","","","","","","","","","","","","","","","","","","",
"Equatorial Guinea","GNQ","Technicians in R&D (per million people)","SP.POP.TECH.RD.P6","","","","","","","","","","","","","","","","","","","","","","","","","","","","","","","","","","","","","","","","","","","","","","","","","","","","","","","","","","","","","","",
"Greece","GRC","Technicians in R&D (per million people)","SP.POP.TECH.RD.P6","","","","","","","","","","","","","","","","","","","","","","","","","","","","","","","","","","","","","","390.61064","","529.45348","","865.45397","","820.65293","","752.83308","","","","","","585.09777","","","","","","","","","","",
"Grenada","GRD","Technicians in R&D (per million people)","SP.POP.TECH.RD.P6","","","","","","","","","","","","","","","","","","","","","","","","","","","","","","","","","","","","","","","","","","","","","","","","","","","","","","","","","","","","","","",
"Greenland","GRL","Technicians in R&D (per million people)","SP.POP.TECH.RD.P6","","","","","","","","","","","","","","","","","","","","","","","","","","","","","","","","","","","","","","","","","","88.76738","53.08043","79.35388","142.45265","","","","","","","","","","","","","","","","","",
"Guatemala","GTM","Technicians in R&D (per million people)","SP.POP.TECH.RD.P6","","","","","","","","","","","","","","","","","","","","","","","","","","","","","","","","","","","","","","","","","","","","","","10.61391","11.71902","37.22539","34.05579","16.834","18.65976","14.31553","18.07374","23.08311","26.37655","25.59617","26.65368","20.39613","10.95789","","","",
"Guam","GUM","Technicians in R&D (per million people)","SP.POP.TECH.RD.P6","","","","","","","","","","","","","","","","","","","","","","","","","","","","","","","","","","","","","","","","","","","","","","","","","","","","","","","","","","","","","","",
"Guyana","GUY","Technicians in R&D (per million people)","SP.POP.TECH.RD.P6","","","","","","","","","","","","","","","","","","","","","","","","","","","","","","","","","","","","","","","","","","","","","","","","","","","","","","","","","","","","","","",
"High income","HIC","Technicians in R&D (per million people)","SP.POP.TECH.RD.P6","","","","","","","","","","","","","","","","","","","","","","","","","","","","","","","","","","","","","","","","","","","","","","","","","","","","","","","","","","","","","","",
"Hong Kong SAR, China","HKG","Technicians in R&D (per million people)","SP.POP.TECH.RD.P6","","","","","","","","","","","","","","","","","","","","","","","","","","","","","","","","","","","","","","","220.97581","199.61775","207.98244","174.34955","228.59616","317.93349","430.56885","346.55061","466.916","380.55472","332.17749","355.68626","309.91924","351.38348","394.36071","293.42152","278.21889","374.61752","324.56497","398.01148","315.80104","","","",
"Honduras","HND","Technicians in R&D (per million people)","SP.POP.TECH.RD.P6","","","","","","","","","","","","","","","","","","","","","","","","","","","","","","","","","","","","","","","","","","","","","","","","","","","","","","","","9.98583","","","","","","",
"Heavily indebted poor countries (HIPC)","HPC","Technicians in R&D (per million people)","SP.POP.TECH.RD.P6","","","","","","","","","","","","","","","","","","","","","","","","","","","","","","","","","","","","","","","","","","","","","","","","","","","","","","","","","","","","","","",
"Croatia","HRV","Technicians in R&D (per million people)","SP.POP.TECH.RD.P6","","","","","","","","","","","","","","","","","","","","","","","","","","","","","","","","","","","","","","","332.37554","362.39713","395.20559","380.21132","450.65755","468.45504","586.92273","601.4082","650.45643","652.38929","614.57011","645.89484","600.94751","621.36297","617.10319","659.40264","676.53434","745.82896","638.21668","714.10522","","","","",
"Haiti","HTI","Technicians in R&D (per million people)","SP.POP.TECH.RD.P6","","","","","","","","","","","","","","","","","","","","","","","","","","","","","","","","","","","","","","","","","","","","","","","","","","","","","","","","","","","","","","",
"Hungary","HUN","Technicians in R&D (per million people)","SP.POP.TECH.RD.P6","","","","","","","","","","","","","","","","","","","","","","","","","","","","","","","","","","","","","494.94539","504.9241","477.35311","491.44263","505.45438","466.18176","485.47877","457.63174","465.96563","455.18825","491.5643","512.86149","524.12627","554.95094","601.06554","657.45861","708.91588","787.88496","696.88998","727.35283","641.03517","770.31206","","","","",
"IBRD only","IBD","Technicians in R&D (per million people)","SP.POP.TECH.RD.P6","","","","","","","","","","","","","","","","","","","","","","","","","","","","","","","","","","","","","","","","","","","","","","","","","","","","","","","","","","","","","","",
"IDA & IBRD total","IBT","Technicians in R&D (per million people)","SP.POP.TECH.RD.P6","","","","","","","","","","","","","","","","","","","","","","","","","","","","","","","","","","","","","","","","","","","","","","","","","","","","","","","","","","","","","","",
"IDA total","IDA","Technicians in R&D (per million people)","SP.POP.TECH.RD.P6","","","","","","","","","","","","","","","","","","","","","","","","","","","","","","","","","","","","","","","","","","","","","","","","","","","","","","","","","","","","","","",
"IDA blend","IDB","Technicians in R&D (per million people)","SP.POP.TECH.RD.P6","","","","","","","","","","","","","","","","","","","","","","","","","","","","","","","","","","","","","","","","","","","","","","","","46.1594914725805","","","","","","","","","","","","","","",
"Indonesia","IDN","Technicians in R&D (per million people)","SP.POP.TECH.RD.P6","","","","","","","","","","","","","","","","","","","","","","","","","","","","","","","","","","","","","","","","","","","","","","","","","","","","","","","","","16.31166","17.48575","34.74204","","","",
"IDA only","IDX","Technicians in R&D (per million people)","SP.POP.TECH.RD.P6","","","","","","","","","","","","","","","","","","","","","","","","","","","","","","","","","","","","","","","","","","","","","","","","","","","","","","","","","","","","","","",
"Isle of Man","IMN","Technicians in R&D (per million people)","SP.POP.TECH.RD.P6","","","","","","","","","","","","","","","","","","","","","","","","","","","","","","","","","","","","","","","","","","","","","","","","","","","","","","","","","","","","","","",
"India","IND","Technicians in R&D (per million people)","SP.POP.TECH.RD.P6","","","","","","","","","","","","","","","","","","","","","","","","","","","","","","","","","","","","","110.77041","","98.73234","","85.22344","","","","","92.19858","","","","","100.61565","","","","","95.54919","","","73.05997","","","",
"Not classified","INX","Technicians in R&D (per million people)","SP.POP.TECH.RD.P6","","","","","","","","","","","","","","","","","","","","","","","","","","","","","","","","","","","","","","","","","","","","","","","","","","","","","","","","","","","","","","",
"Ireland","IRL","Technicians in R&D (per million people)","SP.POP.TECH.RD.P6","","","","","","","","","","","","","","","","","","","","","","","","","","","","","","","","","","","","","517.05432","535.11466","611.18997","688.46899","686.73784","610.8408","606.19274","630.89248","669.5202","734.80708","701.55152","679.47837","673.25321","675.03587","670.13283","794.03542","874.52839","1009.22516","1045.85329","1161.91749","1151.98543","1164.60931","","","","",
"Iran, Islamic Rep.","IRN","Technicians in R&D (per million people)","SP.POP.TECH.RD.P6","","","","","","","","","","","","","","","","","","","","","","","","","","","","","","","","","","","","","","","","","","","","","","","","","","","","","187.83456","189.03804","","160.58917","","496.81506","","","","",
"Iraq","IRQ","Technicians in R&D (per million people)","SP.POP.TECH.RD.P6","","","","","","","","","","","","","","","","","","","","","","","","","","","","","","","","","","","","","","","","","","","","","","","","52.45197","59.64261","61.95389","64.79058","63.14015","","","25.43982","24.98398","25.99286","19.29188","22.97859","","","",
"Iceland","ISL","Technicians in R&D (per million people)","SP.POP.TECH.RD.P6","","","","","","","","","","","","","","","","","","","","","","","","","","","","","","","","","","","","","","1792.02007","1890.24904","1659.76896","","","","2062.84381","","2266.94104","2175.9976","1694.3932","1738.329","1979.35848","","1868.15633","","1639.46","","2100.90751","","2371.46113","","","","",
"Israel","ISR","Technicians in R&D (per million people)","SP.POP.TECH.RD.P6","","","","","","","","","","","","","","","","","","","","","","","","","","","","","","","","","","","","","","","","","","","","","","","","","","","","","","","","","","","","","","",
"Italy","ITA","Technicians in R&D (per million people)","SP.POP.TECH.RD.P6","","","","","","","","","","","","","","","","","","","","","","","","","","","","","","","","","","","","","820.00903","","","","","","","","","","","","","","","","","","","","","","","","","",
"Jamaica","JAM","Technicians in R&D (per million people)","SP.POP.TECH.RD.P6","","","","","","","","","","","","","","","","","","","","","","","","","","","","","","","","","","","","","","","","","","","","","","","","","","","","","","","","","","","","","","",
"Jordan","JOR","Technicians in R&D (per million people)","SP.POP.TECH.RD.P6","","","","","","","","","","","","","","","","","","","","","","","","","","","","","","","","","","","","","","","676.58109","","","","","","","","","","","","","","","","","108.88597","","","","","","",
"Japan","JPN","Technicians in R&D (per million people)","SP.POP.TECH.RD.P6","","","","","","","","","","","","","","","","","","","","","","","","","","","","","","","","","","","","","662.53386","658.34343","683.00624","663.86248","619.10615","538.34421","524.18787","526.23658","570.23095","558.93533","575.24083","583.83245","587.52758","581.89016","582.35281","559.13291","512.58503","513.84027","536.96443","521.95125","502.55447","520.66338","524.29128","","","",
"Kazakhstan","KAZ","Technicians in R&D (per million people)","SP.POP.TECH.RD.P6","","","","","","","","","","","","","","","","","","","","","","","","","","","","","","","","","","","","","","","","","","","","","","","","34.58135","30.95424","30.23124","27.93454","28.13712","64.11357","176.90469","183.96063","161.79134","149.23531","123.78306","123.85629","","","",
"Kenya","KEN","Technicians in R&D (per million people)","SP.POP.TECH.RD.P6","","","","","","","","","","","","","","","","","","","","","","","","","","","","","","","","","","","","","","","","","","","","","","","","61.0139","","","627.73199","","","","","","","","","","","",
"Kyrgyz Republic","KGZ","Technicians in R&D (per million people)","SP.POP.TECH.RD.P6","","","","","","","","","","","","","","","","","","","","","","","","","","","","","","","","","","","","","","","","","","","","","","","","","","","","","","","","","","","","","","",
"Cambodia","KHM","Technicians in R&D (per million people)","SP.POP.TECH.RD.P6","","","","","","","","","","","","","","","","","","","","","","","","","","","","","","","","","","","","","","","","","","","13.41776","","","","","","","","","","","","","60.88483","","","","","","",
"Kiribati","KIR","Technicians in R&D (per million people)","SP.POP.TECH.RD.P6","","","","","","","","","","","","","","","","","","","","","","","","","","","","","","","","","","","","","","","","","","","","","","","","","","","","","","","","","","","","","","",
"St. Kitts and Nevis","KNA","Technicians in R&D (per million people)","SP.POP.TECH.RD.P6","","","","","","","","","","","","","","","","","","","","","","","","","","","","","","","","","","","","","","","","","","","","","","","","","","","","","","","","","","","","","","",
"Korea, Rep.","KOR","Technicians in R&D (per million people)","SP.POP.TECH.RD.P6","","","","","","","","","","","","","","","","","","","","","","","","","","","","","","","","","","","","","625.12265","571.15268","524.31655","556.395","447.49556","446.77609","488.08794","557.92581","571.75161","539.44425","573.55359","704.17934","800.54697","902.60459","959.85384","1042.40285","1152.89228","1156.14651","1228.16954","1212.13441","1227.80109","1251.10685","1311.43521","","","",
"Kuwait","KWT","Technicians in R&D (per million people)","SP.POP.TECH.RD.P6","","","","","","","","","","","","","","","","","","","","","","","","","","","","","","","","","","","","","","48.53075","45.32747","41.50364","39.60642","39.93758","40.24339","41.63532","42.26328","42.28706","41.28624","37.53965","35.01494","38.28369","29.07867","29.98681","19.70824","","61.98961","54.75036","48.52314","50.93564","45.19843","","","",
"Latin America & Caribbean (excluding high income)","LAC","Technicians in R&D (per million people)","SP.POP.TECH.RD.P6","","","","","","","","","","","","","","","","","","","","","","","","","","","","","","","","","","","","","","","","","","","","","","366.995024648698","350.33330540481","371.507598124286","404.44710717244","439.691729744365","461.863001788012","496.771446998234","523.195618913166","549.559580353467","569.253009105815","","","","","","","",
"Lao PDR","LAO","Technicians in R&D (per million people)","SP.POP.TECH.RD.P6","","","","","","","","","","","","","","","","","","","","","","","","","","","","","","","","","","","","","","","","","","","","","","","","","","","","","","","","","","","","","","",
"Lebanon","LBN","Technicians in R&D (per million people)","SP.POP.TECH.RD.P6","","","","","","","","","","","","","","","","","","","","","","","","","","","","","","","","","","","","","","","","","","","","","","","","","","","","","","","","","","","","","","",
"Liberia","LBR","Technicians in R&D (per million people)","SP.POP.TECH.RD.P6","","","","","","","","","","","","","","","","","","","","","","","","","","","","","","","","","","","","","","","","","","","","","","","","","","","","","","","","","","","","","","",
"Libya","LBY","Technicians in R&D (per million people)","SP.POP.TECH.RD.P6","","","","","","","","","","","","","","","","","","","","","","","","","","","","","","","","","","","","","","","","","","","","","","","","","","","","","","","","","","","","","","",
"St. Lucia","LCA","Technicians in R&D (per million people)","SP.POP.TECH.RD.P6","","","","","","","","","","","","","","","","","","","","","","","","","","","","","","","","","","","","","","","","","","","","","","","","","","","","","","","","","","","","","","",
"Latin America & Caribbean","LCN","Technicians in R&D (per million people)","SP.POP.TECH.RD.P6","","","","","","","","","","","","","","","","","","","","","","","","","","","","","","","","","","","","","","","","","","","","","","","","363.796754828871","397.093316050966","430.206348330551","452.104334620989","483.154303807308","510.10869644728","531.010969245302","558.311140103015","","","","","","","",
"Least developed countries: UN classification","LDC","Technicians in R&D (per million people)","SP.POP.TECH.RD.P6","","","","","","","","","","","","","","","","","","","","","","","","","","","","","","","","","","","","","","","","","","","","","","","","","","","","","","","","","","","","","","",
"Low income","LIC","Technicians in R&D (per million people)","SP.POP.TECH.RD.P6","","","","","","","","","","","","","","","","","","","","","","","","","","","","","","","","","","","","","","","","","","","","","","","","","","","","","","","","","","","","","","",
"Liechtenstein","LIE","Technicians in R&D (per million people)","SP.POP.TECH.RD.P6","","","","","","","","","","","","","","","","","","","","","","","","","","","","","","","","","","","","","","","","","","","","","","","","","","","","","","","","","","","","","","",
"Sri Lanka","LKA","Technicians in R&D (per million people)","SP.POP.TECH.RD.P6","","","","","","","","","","","","","","","","","","","","","","","","","","","","","","","","","","","","","45.35237","","","","","","","","76.02973","","64.58173","","78.61295","","91.35446","","","60.88163","82.68991","74.70815","","","","","","",
"Lower middle income","LMC","Technicians in R&D (per million people)","SP.POP.TECH.RD.P6","","","","","","","","","","","","","","","","","","","","","","","","","","","","","","","","","","","","","","","","","","","","","","","","","","","","","","","","","","","","","","",
"Low & middle income","LMY","Technicians in R&D (per million people)","SP.POP.TECH.RD.P6","","","","","","","","","","","","","","","","","","","","","","","","","","","","","","","","","","","","","","","","","","","","","","","","","","","","","","","","","","","","","","",
"Lesotho","LSO","Technicians in R&D (per million people)","SP.POP.TECH.RD.P6","","","","","","","","","","","","","","","","","","","","","","","","","","","","","","","","","","","","","","","","","","","2.46326","2.47727","10.46891","","","","","23.51604","","0.8983","","","","6.94505","","","","","","",
"Late-demographic dividend","LTE","Technicians in R&D (per million people)","SP.POP.TECH.RD.P6","","","","","","","","","","","","","","","","","","","","","","","","","","","","","","","","","","","","","","","","","","","","","","","","","","","","","","","","","","","","","","",
"Lithuania","LTU","Technicians in R&D (per million people)","SP.POP.TECH.RD.P6","","","","","","","","","","","","","","","","","","","","","","","","","","","","","","","","","","","","","650.43249","615.65794","591.819","561.88674","506.59097","496.59937","432.54064","432.29122","452.80706","429.39142","422.60322","498.31542","539.39397","419.60493","541.3251","462.47604","","","","","","","","","","",
"Luxembourg","LUX","Technicians in R&D (per million people)","SP.POP.TECH.RD.P6","","","","","","","","","","","","","","","","","","","","","","","","","","","","","","","","","","","","","","","","","","","","3766.86146","","3402.48383","2758.53182","2781.97151","3034.78539","2866.71218","3362.79778","3289.3356","2954.27959","2941.32078","3094.04959","3285.45138","3109.11778","3166.02186","","","","",
"Latvia","LVA","Technicians in R&D (per million people)","SP.POP.TECH.RD.P6","","","","","","","","","","","","","","","","","","","","","","","","","","","","","","","","","","","","","342.90343","355.4386","319.68086","301.4835","266.34074","342.98656","282.95456","321.79051","351.92093","471.58228","660.20514","498.15999","565.10992","591.6677","431.83578","391.19034","","","","","","","","","","",
"Macao SAR, China","MAC","Technicians in R&D (per million people)","SP.POP.TECH.RD.P6","","","","","","","","","","","","","","","","","","","","","","","","","","","","","","","","","","","","","","","","","","168.74535","180.69564","204.70918","205.26","228.22445","265.29013","356.58291","417.67025","450.22796","581.54766","666.26485","645.34545","732.62992","745.83876","1107.30213","160.6792","218.01039","182.46268","","","",
"St. Martin (French part)","MAF","Technicians in R&D (per million people)","SP.POP.TECH.RD.P6","","","","","","","","","","","","","","","","","","","","","","","","","","","","","","","","","","","","","","","","","","","","","","","","","","","","","","","","","","","","","","",
"Morocco","MAR","Technicians in R&D (per million people)","SP.POP.TECH.RD.P6","","","","","","","","","","","","","","","","","","","","","","","","","","","","","","","","","","","","","","","","","","","","","","","47.62263","47.07404","60.53244","","52.46822","51.76645","42.53668","","41.35427","","40.25476","","","","","",
"Monaco","MCO","Technicians in R&D (per million people)","SP.POP.TECH.RD.P6","","","","","","","","","","","","","","","","","","","","","","","","","","","","","","","","","","","","","","","","","","","","","179.10448","147.74104","","","","","","","","","","","","","","","","",
"Moldova","MDA","Technicians in R&D (per million people)","SP.POP.TECH.RD.P6","","","","","","","","","","","","","","","","","","","","","","","","","","","","","","","","","","","","","","","","","","","","111.71372","98.32143","93.03787","101.08598","116.71835","99.50913","79.13135","80.60824","66.30068","65.73963","73.64445","68.63265","67.54749","73.50349","70.75327","60.40577","","","",
"Madagascar","MDG","Technicians in R&D (per million people)","SP.POP.TECH.RD.P6","","","","","","","","","","","","","","","","","","","","","","","","","","","","","","","","","","","","","","","62.66548","56.40431","46.2998","14.94379","14.61368","10.88017","9.82981","10.6344","14.72437","14.40809","24.80437","24.16244","15.41252","16.51033","","","","","19.40198","10.75458","12.60361","","","",
"Maldives","MDV","Technicians in R&D (per million people)","SP.POP.TECH.RD.P6","","","","","","","","","","","","","","","","","","","","","","","","","","","","","","","","","","","","","","","","","","","","","","","","","","","","","","","","","","","","","","",
"Middle East & North Africa","MEA","Technicians in R&D (per million people)","SP.POP.TECH.RD.P6","","","","","","","","","","","","","","","","","","","","","","","","","","","","","","","","","","","","","","","","","","","","","","","","","","","","","","","","","","","","","","",
"Mexico","MEX","Technicians in R&D (per million people)","SP.POP.TECH.RD.P6","","","","","","","","","","","","","","","","","","","","","","","","","","","","","","","","","","","","","69.70699","80.44519","","","95.2681","","110.92125","148.46574","213.26139","243.34655","179.6948","183.53859","221.90985","238.37874","181.95617","184.89759","142.73078","137.55378","115.64111","120.92606","140.29751","","","","","",
"Marshall Islands","MHL","Technicians in R&D (per million people)","SP.POP.TECH.RD.P6","","","","","","","","","","","","","","","","","","","","","","","","","","","","","","","","","","","","","","","","","","","","","","","","","","","","","","","","","","","","","","",
"Middle income","MIC","Technicians in R&D (per million people)","SP.POP.TECH.RD.P6","","","","","","","","","","","","","","","","","","","","","","","","","","","","","","","","","","","","","","","","","","","","","","","","","","","","","","","","","","","","","","",
"North Macedonia","MKD","Technicians in R&D (per million people)","SP.POP.TECH.RD.P6","","","","","","","","","","","","","","","","","","","","","","","","","","","","","","","","","","","","","","113.02272","125.24496","118.06002","114.5065","97.41331","68.32841","66.71777","94.79604","81.54259","73.67443","88.11742","81.74863","66.21431","81.95134","59.57577","109.31514","53.31716","67.81292","74.35094","85.02732","91.88298","91.11566","","","",
"Mali","MLI","Technicians in R&D (per million people)","SP.POP.TECH.RD.P6","","","","","","","","","","","","","","","","","","","","","","","","","","","","","","","","","","","","","","","","","","","","","","","12.04237","","","","22.75181","","","","","18.45485","","23.78294","","","","",
"Malta","MLT","Technicians in R&D (per million people)","SP.POP.TECH.RD.P6","","","","","","","","","","","","","","","","","","","","","","","","","","","","","","","","","","","","","","","","","","","112.86172","","364.92998","548.6182","543.89557","654.64924","683.77571","682.78128","808.68455","974.35087","912.73538","807.22561","948.40271","765.75506","742.95398","885.98028","","","","",
"Myanmar","MMR","Technicians in R&D (per million people)","SP.POP.TECH.RD.P6","","","","","","","","","","","","","","","","","","","","","","","","","","","","","","","","","","","","","","3.19806","8.02434","48.46141","","79.47042","136.24118","","","","","","","","","","","","","","","18.69526","","","","",
"Middle East & North Africa (excluding high income)","MNA","Technicians in R&D (per million people)","SP.POP.TECH.RD.P6","","","","","","","","","","","","","","","","","","","","","","","","","","","","","","","","","","","","","","","","","","","","","","","","","","","","","","","","196.900680741528","","305.930494263683","","","","",
"Montenegro","MNE","Technicians in R&D (per million people)","SP.POP.TECH.RD.P6","","","","","","","","","","","","","","","","","","","","","","","","","","","","","","","","","","","","","","","","","","","","","","","","","","","","103.31537","","102.18011","202.66658","129.38707","175.36476","156.15962","","","","",
"Mongolia","MNG","Technicians in R&D (per million people)","SP.POP.TECH.RD.P6","","","","","","","","","","","","","","","","","","","","","","","","","","","","","","","","","","","","","","","","","","","","","","","","","","","","","","","","","","","","","","",
"Northern Mariana Islands","MNP","Technicians in R&D (per million people)","SP.POP.TECH.RD.P6","","","","","","","","","","","","","","","","","","","","","","","","","","","","","","","","","","","","","","","","","","","","","","","","","","","","","","","","","","","","","","",
"Mozambique","MOZ","Technicians in R&D (per million people)","SP.POP.TECH.RD.P6","","","","","","","","","","","","","","","","","","","","","","","","","","","","","","","","","","","","","","","","","","","","","","","35.72088","","30.22006","2.07209","46.44271","","","","","26.74062","","","","","","",
"Mauritania","MRT","Technicians in R&D (per million people)","SP.POP.TECH.RD.P6","","","","","","","","","","","","","","","","","","","","","","","","","","","","","","","","","","","","","","","","","","","","","","","","","","","","","","","","","","","","","","",
"Mauritius","MUS","Technicians in R&D (per million people)","SP.POP.TECH.RD.P6","","","","","","","","","","","","","","","","","","","","","","","","","","","","","","","","","","","","","","","","","","","","","","","","","","","","","54.36829","","","","","","130.27301","","","",
"Malawi","MWI","Technicians in R&D (per million people)","SP.POP.TECH.RD.P6","","","","","","","","","","","","","","","","","","","","","","","","","","","","","","","","","","","","","","","","","","","","","","","","59.26484","","","60.00848","","","","","","","","","","","",
"Malaysia","MYS","Technicians in R&D (per million people)","SP.POP.TECH.RD.P6","","","","","","","","","","","","","","","","","","","","","","","","","","","","","","","","","","","","","31.16434","","43.68144","","39.70811","","56.96372","","63.42829","","43.59979","","68.47773","71.62384","130.30401","158.76921","162.84503","","212.16407","132.35787","263.25211","","233.44304","","","",
"North America","NAC","Technicians in R&D (per million people)","SP.POP.TECH.RD.P6","","","","","","","","","","","","","","","","","","","","","","","","","","","","","","","","","","","","","","","","","","","","","","","","","","","","","","","","","","","","","","",
"Namibia","NAM","Technicians in R&D (per million people)","SP.POP.TECH.RD.P6","","","","","","","","","","","","","","","","","","","","","","","","","","","","","","","","","","","","","","","","","","","","","","","","","","","","","","","66.11176","","","","","","","",
"New Caledonia","NCL","Technicians in R&D (per million people)","SP.POP.TECH.RD.P6","","","","","","","","","","","","","","","","","","","","","","","","","","","","","","","","","","","","","","","","","","","","","","","","","","","","","","","","","","","","","","",
"Niger","NER","Technicians in R&D (per million people)","SP.POP.TECH.RD.P6","","","","","","","","","","","","","","","","","","","","","","","","","","","","","","","","","","","","","","","","","","10.38177","9.68008","9.09236","10.13263","10.05544","","","","","","","","8.50614","","","","","","","","",
"Nigeria","NGA","Technicians in R&D (per million people)","SP.POP.TECH.RD.P6","","","","","","","","","","","","","","","","","","","","","","","","","","","","","","","","","","","","","","","","","","","","","","","","12.57961","","","","","","","","","","","","","","",
"Nicaragua","NIC","Technicians in R&D (per million people)","SP.POP.TECH.RD.P6","","","","","","","","","","","","","","","","","","","","","","","","","","","","","","","","","","","","","","","","","","","","","","","","","","","","","","","","","","","","","","",
"Netherlands","NLD","Technicians in R&D (per million people)","SP.POP.TECH.RD.P6","","","","","","","","","","","","","","","","","","","","","","","","","","","","","","","","","","","","","","","","1359.2857","1514.29834","1377.31571","1405.74183","1374.48721","1443.89619","1421.44409","1326.81699","1252.16163","1171.10564","1132.4779","1326.38675","2037.68782","","","","","","","","","","",
"Norway","NOR","Technicians in R&D (per million people)","SP.POP.TECH.RD.P6","","","","","","","","","","","","","","","","","","","","","","","","","","","","","","","","","","","","","","","","","","","","","","","","","","","","","","","","","","","","","","",
"Nepal","NPL","Technicians in R&D (per million people)","SP.POP.TECH.RD.P6","","","","","","","","","","","","","","","","","","","","","","","","","","","","","","","","","","","","","","","","","","","141.55354","","","","","","","","","","","","","","","","","","","",
"Nauru","NRU","Technicians in R&D (per million people)","SP.POP.TECH.RD.P6","","","","","","","","","","","","","","","","","","","","","","","","","","","","","","","","","","","","","","","","","","","","","","","","","","","","","","","","","","","","","","",
"New Zealand","NZL","Technicians in R&D (per million people)","SP.POP.TECH.RD.P6","","","","","","","","","","","","","","","","","","","","","","","","","","","","","","","","","","","","","","733.91746","","672.47562","","712.39707","","816.74382","","773.81507","","885.8869","","948.34152","","1018.40415","","995.90241","","1040.19216","","1276.04352","","","","",
"OECD members","OED","Technicians in R&D (per million people)","SP.POP.TECH.RD.P6","","","","","","","","","","","","","","","","","","","","","","","","","","","","","","","","","","","","","","","","","","","","","","","","","","","","","","","","","","","","","","",
"Oman","OMN","Technicians in R&D (per million people)","SP.POP.TECH.RD.P6","","","","","","","","","","","","","","","","","","","","","","","","","","","","","","","","","","","","","","","","","","","","","","","","","","","","117.08624","55.38262","52.57641","42.59472","52.38312","23.02634","42.82321","32.77024","","","",
"Other small states","OSS","Technicians in R&D (per million people)","SP.POP.TECH.RD.P6","","","","","","","","","","","","","","","","","","","","","","","","","","","","","","","","","","","","","","","","","","","","","","","","","","","","","","","","","","","","","","",
"Pakistan","PAK","Technicians in R&D (per million people)","SP.POP.TECH.RD.P6","","","","","","","","","","","","","","","","","","","","","","","","","","","","","","","","","","","","","","13.34529","","","","","","","","40.36705","","66.22445","","62.62904","","56.20154","","68.38306","","67.44324","","31.79799","","","","",
"Panama","PAN","Technicians in R&D (per million people)","SP.POP.TECH.RD.P6","","","","","","","","","","","","","","","","","","","","","","","","","","","","","","","","","","","","","","","","","","","","","","","102.3096","113.79183","107.2179","","","45.59578","92.82278","155.13234","","","","","","","","",
"Peru","PER","Technicians in R&D (per million people)","SP.POP.TECH.RD.P6","","","","","","","","","","","","","","","","","","","","","","","","","","","","","","","","","","","","","","","","","","","","","","","","","","","","","","","","","","","","","","",
"Philippines","PHL","Technicians in R&D (per million people)","SP.POP.TECH.RD.P6","","","","","","","","","","","","","","","","","","","","","","","","","","","","","","","","","","","","","","","","","","","","11.29413","","10.39081","","10.78234","","12.07842","","12.51378","","27.96123","","17.53814","","","","","","",
"Palau","PLW","Technicians in R&D (per million people)","SP.POP.TECH.RD.P6","","","","","","","","","","","","","","","","","","","","","","","","","","","","","","","","","","","","","","","","","","","","","","","","","","","","","","","","","","","","","","",
"Papua New Guinea","PNG","Technicians in R&D (per million people)","SP.POP.TECH.RD.P6","","","","","","","","","","","","","","","","","","","","","","","","","","","","","","","","","","","","","","","","","","","","","","","","","","","","","","","","","10.7595","","","","","",
"Poland","POL","Technicians in R&D (per million people)","SP.POP.TECH.RD.P6","","","","","","","","","","","","","","","","","","","","","","","","","","","","","","","","","","","","","489.12395","464.26447","439.24163","398.31099","353.97227","320.89629","297.1006","283.05109","261.56551","233.18335","225.83038","225.03648","190.05503","188.4782","285.38123","359.77122","420.56352","384.66597","438.51201","443.60217","399.7713","415.27482","","","","",
"Pre-demographic dividend","PRE","Technicians in R&D (per million people)","SP.POP.TECH.RD.P6","","","","","","","","","","","","","","","","","","","","","","","","","","","","","","","","","","","","","","","","","","","","","","","","","","","","","","","","","","","","","","",
"Puerto Rico","PRI","Technicians in R&D (per million people)","SP.POP.TECH.RD.P6","","","","","","","","","","","","","","","","","","","","","","","","","","","","","","","","","","","","","","","","","","","","","","","","","","","","","","168.67122","","156.14289","","","","","","",
"Korea, Dem. People's Rep.","PRK","Technicians in R&D (per million people)","SP.POP.TECH.RD.P6","","","","","","","","","","","","","","","","","","","","","","","","","","","","","","","","","","","","","","","","","","","","","","","","","","","","","","","","","","","","","","",
"Portugal","PRT","Technicians in R&D (per million people)","SP.POP.TECH.RD.P6","","","","","","","","","","","","","","","","","","","","","","","","","","","","","","","","","","","","","175.90995","187.30534","214.62814","241.71802","259.88889","277.86373","291.87038","305.78415","291.64541","277.71646","341.95866","405.93805","472.62025","447.2168","377.88959","339.87803","338.20975","742.2652","709.20276","752.77583","701.04212","780.06385","","","","",
"Paraguay","PRY","Technicians in R&D (per million people)","SP.POP.TECH.RD.P6","","","","","","","","","","","","","","","","","","","","","","","","","","","","","","","","","","","","","","","","","","","","","","","","","","","","12.47242","","","","","77.52565","40.24138","46.29053","","","",
"West Bank and Gaza","PSE","Technicians in R&D (per million people)","SP.POP.TECH.RD.P6","","","","","","","","","","","","","","","","","","","","","","","","","","","","","","","","","","","","","","","","","","","","","","","","24.22494","26.70692","","71.75209","","","178.0999","","","","","","","","",
"Pacific island small states","PSS","Technicians in R&D (per million people)","SP.POP.TECH.RD.P6","","","","","","","","","","","","","","","","","","","","","","","","","","","","","","","","","","","","","","","","","","","","","","","","","","","","","","","","","","","","","","",
"Post-demographic dividend","PST","Technicians in R&D (per million people)","SP.POP.TECH.RD.P6","","","","","","","","","","","","","","","","","","","","","","","","","","","","","","","","","","","","","","","","","","","","","","","","","","","","","","","","","","","","","","",
"French Polynesia","PYF","Technicians in R&D (per million people)","SP.POP.TECH.RD.P6","","","","","","","","","","","","","","","","","","","","","","","","","","","","","","","","","","","","","","","","","","","","","","","","","","","","","","","","","","","","","","",
"Qatar","QAT","Technicians in R&D (per million people)","SP.POP.TECH.RD.P6","","","","","","","","","","","","","","","","","","","","","","","","","","","","","","","","","","","","","","","","","","","","","","","","","","","","","179.62518","","","390.4962","","","397.09787","","","",
"Romania","ROU","Technicians in R&D (per million people)","SP.POP.TECH.RD.P6","","","","","","","","","","","","","","","","","","","","","","","","","","","","","","","","","","","","","607.61118","535.1273","512.36773","396.58043","292.8074","270.67649","294.50966","250.17947","256.04919","233.36285","211.73285","207.32912","221.80063","193.38123","153.3324","252.35144","251.8852","248.00355","225.09562","267.40041","275.35469","278.82409","","","","",
"Russian Federation","RUS","Technicians in R&D (per million people)","SP.POP.TECH.RD.P6","","","","","","","","","","","","","","","","","","","","","","","","","","","","","","","","","","","","","654.78615","602.47065","566.63041","547.91886","570.26779","575.42059","574.40759","556.76308","552.19076","516.82262","517.945","511.3348","486.88029","474.11193","474.22877","490.53247","475.24238","483.31047","496.61687","483.64295","460.89708","451.2263","437.83869","","","",
"Rwanda","RWA","Technicians in R&D (per million people)","SP.POP.TECH.RD.P6","","","","","","","","","","","","","","","","","","","","","","","","","","","","","","","","","","","","","","","","","","","","","","","","","0.12599","0.24533","","","","5.34614","","","5.70666","","","","","",
"South Asia","SAS","Technicians in R&D (per million people)","SP.POP.TECH.RD.P6","","","","","","","","","","","","","","","","","","","","","","","","","","","","","","","","","","","","","109.569737426374","","98.73234","","85.22344","","","","","85.8458669116181","","","","","100.466075357954","","","","","91.6015089936941","","","73.05997","","","",
"Saudi Arabia","SAU","Technicians in R&D (per million people)","SP.POP.TECH.RD.P6","","","","","","","","","","","","","","","","","","","","","","","","","","","","","","","","","","","","","","","","","","","","","","","","","","","","","","","","","","","","","","",
"Sudan","SDN","Technicians in R&D (per million people)","SP.POP.TECH.RD.P6","","","","","","","","","","","","","","","","","","","","","","","","","","","","","","","","","","","","","","","","","","","","","","","","","","","","","","","","","","","","","","",
"Senegal","SEN","Technicians in R&D (per million people)","SP.POP.TECH.RD.P6","","","","","","","","","","","","","","","","","","","","","","","","","","","","","","","","","","","","","","","","","","","","","","","","","51.62977","","34.7606","","","","","36.90376","","","","","","",
"Singapore","SGP","Technicians in R&D (per million people)","SP.POP.TECH.RD.P6","","","","","","","","","","","","","","","","","","","","","","","","","","","","","","","","","","","","","310.89661","365.09832","349.44313","366.63571","337.56107","351.91292","386.34214","414.87204","487.27226","556.68876","544.4502","517.64611","596.68906","548.63333","456.33434","458.36186","456.30784","454.33141","450.68559","449.98133","422.28167","377.36817","","","","",
"Solomon Islands","SLB","Technicians in R&D (per million people)","SP.POP.TECH.RD.P6","","","","","","","","","","","","","","","","","","","","","","","","","","","","","","","","","","","","","","","","","","","","","","","","","","","","","","","","","","","","","","",
"Sierra Leone","SLE","Technicians in R&D (per million people)","SP.POP.TECH.RD.P6","","","","","","","","","","","","","","","","","","","","","","","","","","","","","","","","","","","","","","","","","","","","","","","","","","","","","","","","","","","","","","",
"El Salvador","SLV","Technicians in R&D (per million people)","SP.POP.TECH.RD.P6","","","","","","","","","","","","","","","","","","","","","","","","","","","","","","","","","","","","","","","","","","","","","","","","","","","","","","","","","14.0022","12.52323","21.64857","","","",
"San Marino","SMR","Technicians in R&D (per million people)","SP.POP.TECH.RD.P6","","","","","","","","","","","","","","","","","","","","","","","","","","","","","","","","","","","","","","","","","","","","","","","","","","","","","","","","","","","","","","",
"Somalia","SOM","Technicians in R&D (per million people)","SP.POP.TECH.RD.P6","","","","","","","","","","","","","","","","","","","","","","","","","","","","","","","","","","","","","","","","","","","","","","","","","","","","","","","","","","","","","","",
"Serbia","SRB","Technicians in R&D (per million people)","SP.POP.TECH.RD.P6","","","","","","","","","","","","","","","","","","","","","","","","","","","","","","","","","","","","","","","","","","","","","","","","299.17832","300.02984","392.06605","334.8388","299.97302","312.4554","324.7486","350.75375","420.25773","430.94926","410.84382","412.03292","","","",
"Sub-Saharan Africa (excluding high income)","SSA","Technicians in R&D (per million people)","SP.POP.TECH.RD.P6","","","","","","","","","","","","","","","","","","","","","","","","","","","","","","","","","","","","","","","","","","","","","","","","","","","","","","","","","","","","","","",
"South Sudan","SSD","Technicians in R&D (per million people)","SP.POP.TECH.RD.P6","","","","","","","","","","","","","","","","","","","","","","","","","","","","","","","","","","","","","","","","","","","","","","","","","","","","","","","","","","","","","","",
"Sub-Saharan Africa","SSF","Technicians in R&D (per million people)","SP.POP.TECH.RD.P6","","","","","","","","","","","","","","","","","","","","","","","","","","","","","","","","","","","","","","","","","","","","","","","","","","","","","","","","","","","","","","",
"Small states","SST","Technicians in R&D (per million people)","SP.POP.TECH.RD.P6","","","","","","","","","","","","","","","","","","","","","","","","","","","","","","","","","","","","","","","","","","","","","","","","","","","","","","","","","","","","","","",
"Sao Tome and Principe","STP","Technicians in R&D (per million people)","SP.POP.TECH.RD.P6","","","","","","","","","","","","","","","","","","","","","","","","","","","","","","","","","","","","","","","","","","","","","","","","","","","","","","","","","","","","","","",
"Suriname","SUR","Technicians in R&D (per million people)","SP.POP.TECH.RD.P6","","","","","","","","","","","","","","","","","","","","","","","","","","","","","","","","","","","","","","","","","","","","","","","","","","","","","","","","","","","","","","",
"Slovak Republic","SVK","Technicians in R&D (per million people)","SP.POP.TECH.RD.P6","","","","","","","","","","","","","","","","","","","","","","","","","","","","","","","","","","","","","788.14616","800.93426","802.74256","714.74782","666.20845","615.37128","561.4688","459.82895","444.9585","415.78355","422.97431","414.52633","392.08271","348.11086","386.19291","355.02355","383.90445","329.36012","366.54489","389.22947","412.14273","484.0612","520.62951","","","",
"Slovenia","SVN","Technicians in R&D (per million people)","SP.POP.TECH.RD.P6","","","","","","","","","","","","","","","","","","","","","","","","","","","","","","","","","","","","","1029.88839","866.93787","875.01918","1553.60751","1616.42729","1582.92414","1580.05945","1147.46396","1167.20647","1413.55084","1475.20762","1535.19823","1689.52652","1853.66928","1922.34565","2459.43157","2313.12411","2522.8902","2392.27507","2399.57628","2373.91585","1814.20289","","","","",
"Sweden","SWE","Technicians in R&D (per million people)","SP.POP.TECH.RD.P6","","","","","","","","","","","","","","","","","","","","","","","","","","","","","","","","","","","","","","","","","","","","","","","","1947.95578","","2113.79965","","2027.52593","","","","","","","","","","",
"Eswatini","SWZ","Technicians in R&D (per million people)","SP.POP.TECH.RD.P6","","","","","","","","","","","","","","","","","","","","","","","","","","","","","","","","","","","","","","","","","","","","","","","","","","","","","","","","36.04929","","","","","","",
"Sint Maarten (Dutch part)","SXM","Technicians in R&D (per million people)","SP.POP.TECH.RD.P6","","","","","","","","","","","","","","","","","","","","","","","","","","","","","","","","","","","","","","","","","","","","","","","","","","","","","","","","","","","","","","",
"Seychelles","SYC","Technicians in R&D (per million people)","SP.POP.TECH.RD.P6","","","","","","","","","","","","","","","","","","","","","","","","","","","","","","","","","","","","","","","","","","","","","","597.87023","","","","","","","","","","","","","","","","",
"Syrian Arab Republic","SYR","Technicians in R&D (per million people)","SP.POP.TECH.RD.P6","","","","","","","","","","","","","","","","","","","","","","","","","","","","","","","","","","","","","","","","","","","","","","","","","","","","","","","","67.95423","","","","","","",
"Turks and Caicos Islands","TCA","Technicians in R&D (per million people)","SP.POP.TECH.RD.P6","","","","","","","","","","","","","","","","","","","","","","","","","","","","","","","","","","","","","","","","","","","","","","","","","","","","","","","","","","","","","","",
"Chad","TCD","Technicians in R&D (per million people)","SP.POP.TECH.RD.P6","","","","","","","","","","","","","","","","","","","","","","","","","","","","","","","","","","","","","","","","","","","","","","","","","","","","","","","","","8.30675","","","","","",
"East Asia & Pacific (IDA & IBRD countries)","TEA","Technicians in R&D (per million people)","SP.POP.TECH.RD.P6","","","","","","","","","","","","","","","","","","","","","","","","","","","","","","","","","","","","","","","","","","","","","","","","","","","","","","","","","","","","","","",
"Europe & Central Asia (IDA & IBRD countries)","TEC","Technicians in R&D (per million people)","SP.POP.TECH.RD.P6","","","","","","","","","","","","","","","","","","","","","","","","","","","","","","","","","","","","","","","","","","","361.170801725386","342.15000489428","338.625710260958","320.944707117953","325.752903782628","310.733424132418","294.457666747744","292.568471529423","300.42701970869","317.937328867348","315.595813238778","316.25925853183","325.427987357888","325.54688231239","330.112130116043","331.394124529981","","","","",
"Togo","TGO","Technicians in R&D (per million people)","SP.POP.TECH.RD.P6","","","","","","","","","","","","","","","","","","","","","","","","","","","","","","","","","","","","","","","","","","","","17.44631","16.64299","22.45333","16.31129","17.5665","","","8.4713","8.58103","8.23023","","9.00813","10.419","2.43011","2.35112","3.61765","","","",
"Thailand","THA","Technicians in R&D (per million people)","SP.POP.TECH.RD.P6","","","","","","","","","","","","","","","","","","","","","","","","","","","","","","","","","","","","","38.30023","73.06902","","84.7692","","111.89943","","203.54806","","160.81646","","142.95413","","224.86482","","167.55436","","","191.26592","240.69152","319.77065","296.93767","","","","",
"Tajikistan","TJK","Technicians in R&D (per million people)","SP.POP.TECH.RD.P6","","","","","","","","","","","","","","","","","","","","","","","","","","","","","","","","","","","","","","","","","","","","","","","","","","","","","","","","","","","","","","",
"Turkmenistan","TKM","Technicians in R&D (per million people)","SP.POP.TECH.RD.P6","","","","","","","","","","","","","","","","","","","","","","","","","","","","","","","","","","","","","","","","","","","","","","","","","","","","","","","","","","","","","","",
"Latin America & the Caribbean (IDA & IBRD countries)","TLA","Technicians in R&D (per million people)","SP.POP.TECH.RD.P6","","","","","","","","","","","","","","","","","","","","","","","","","","","","","","","","","","","","","","","","","","","","","","","348.032902750931","363.796754828871","397.093316050966","430.206348330551","452.104334620989","483.154303807308","510.10869644728","534.153986872733","558.311140103015","","","","","","","",
"Timor-Leste","TLS","Technicians in R&D (per million people)","SP.POP.TECH.RD.P6","","","","","","","","","","","","","","","","","","","","","","","","","","","","","","","","","","","","","","","","","","","","","","","","","","","","","","","","","","","","","","",
"Middle East & North Africa (IDA & IBRD countries)","TMN","Technicians in R&D (per million people)","SP.POP.TECH.RD.P6","","","","","","","","","","","","","","","","","","","","","","","","","","","","","","","","","","","","","","","","","","","","","","","","","","","","","","","","196.900680741528","","305.930494263683","","","","",
"Tonga","TON","Technicians in R&D (per million people)","SP.POP.TECH.RD.P6","","","","","","","","","","","","","","","","","","","","","","","","","","","","","","","","","","","","","","","","","","","","","","","","","","","","","","","","","","","","","","",
"South Asia (IDA & IBRD)","TSA","Technicians in R&D (per million people)","SP.POP.TECH.RD.P6","","","","","","","","","","","","","","","","","","","","","","","","","","","","","","","","","","","","","109.569737426374","","98.73234","","85.22344","","","","","85.8458669116181","","","","","100.466075357954","","","","","91.6015089936941","","","73.05997","","","",
"Sub-Saharan Africa (IDA & IBRD countries)","TSS","Technicians in R&D (per million people)","SP.POP.TECH.RD.P6","","","","","","","","","","","","","","","","","","","","","","","","","","","","","","","","","","","","","","","","","","","","","","","","","","","","","","","","","","","","","","",
"Trinidad and Tobago","TTO","Technicians in R&D (per million people)","SP.POP.TECH.RD.P6","","","","","","","","","","","","","","","","","","","","","","","","","","","","","","","","","","","","","","","","","","","","","","","","","","","","","","","","","","278.16733","268.37564","","","",
"Tunisia","TUN","Technicians in R&D (per million people)","SP.POP.TECH.RD.P6","","","","","","","","","","","","","","","","","","","","","","","","","","","","","","","","","","","","","","","","","","","","","","","","","","47.31279","46.91947","49.99125","50.98183","61.44463","58.75334","63.50655","63.42918","","61.73693","","","",
"Turkiye","TUR","Technicians in R&D (per million people)","SP.POP.TECH.RD.P6","","","","","","","","","","","","","","","","","","","","","","","","","","","","","","","","","","","","","34.22901","39.30593","35.15427","38.06549","37.33385","39.88021","39.40418","46.78511","49.86213","69.9943","83.25706","106.63505","108.09362","123.01399","143.12489","172.25079","190.02195","197.97172","208.25998","220.52787","316.20535","353.73836","","","","",
"Tuvalu","TUV","Technicians in R&D (per million people)","SP.POP.TECH.RD.P6","","","","","","","","","","","","","","","","","","","","","","","","","","","","","","","","","","","","","","","","","","","","","","","","","","","","","","","","","","","","","","",
"Tanzania","TZA","Technicians in R&D (per million people)","SP.POP.TECH.RD.P6","","","","","","","","","","","","","","","","","","","","","","","","","","","","","","","","","","","","","","","","","","","","","","","","","","","10.64796","","","6.20133","","","","","","","","",
"Uganda","UGA","Technicians in R&D (per million people)","SP.POP.TECH.RD.P6","","","","","","","","","","","","","","","","","","","","","","","","","","","","","","","","","","","","","","","","","","","","","","","","","","","13.81207","","","","10.79338","","","","","","","",
"Ukraine","UKR","Technicians in R&D (per million people)","SP.POP.TECH.RD.P6","","","","","","","","","","","","","","","","","","","","","","","","","","","","","","","","","","","","","","","","","","","","","","","354.15624","324.48099","303.609","286.31565","285.04486","262.53926","238.08567","216.64945","190.82925","186.69699","178.1109","159.55476","150.13703","","","",
"Upper middle income","UMC","Technicians in R&D (per million people)","SP.POP.TECH.RD.P6","","","","","","","","","","","","","","","","","","","","","","","","","","","","","","","","","","","","","","","","","","","","","","","","","","","","","","","","","","","","","","",
"Uruguay","URY","Technicians in R&D (per million people)","SP.POP.TECH.RD.P6","","","","","","","","","","","","","","","","","","","","","","","","","","","","","","","","","","","","","","","","","","","","","","","","","","","","","","","","","","","","","","",
"United States","USA","Technicians in R&D (per million people)","SP.POP.TECH.RD.P6","","","","","","","","","","","","","","","","","","","","","","","","","","","","","","","","","","","","","","","","","","","","","","","","","","","","","","","","","","","","","","",
"Uzbekistan","UZB","Technicians in R&D (per million people)","SP.POP.TECH.RD.P6","","","","","","","","","","","","","","","","","","","","","","","","","","","","","","","","","","","","","","","","","","","92.60307","86.33311","83.51993","83.47274","79.24169","82.33868","62.65614","64.56333","66.62947","58.46014","61.08781","57.26192","58.50185","59.32836","62.3375","45.68241","48.0659","","","",
"St. Vincent and the Grenadines","VCT","Technicians in R&D (per million people)","SP.POP.TECH.RD.P6","","","","","","","","","","","","","","","","","","","","","","","","","","","","","","","","","","","","","","","","","","","","","","","","","","","","","","","","","","","","","","",
"Venezuela, RB","VEN","Technicians in R&D (per million people)","SP.POP.TECH.RD.P6","","","","","","","","","","","","","","","","","","","","","","","","","","","","","","","","","","","","","","","","","","","","","","","","","","","","","","","","","","","","","","",
"British Virgin Islands","VGB","Technicians in R&D (per million people)","SP.POP.TECH.RD.P6","","","","","","","","","","","","","","","","","","","","","","","","","","","","","","","","","","","","","","","","","","","","","","","","","","","","","","","","","","","","","","",
"Virgin Islands (U.S.)","VIR","Technicians in R&D (per million people)","SP.POP.TECH.RD.P6","","","","","","","","","","","","","","","","","","","","","","","","","","","","","","","","","","","","","","","","","","","","","","","","","","","","","","","","","","","","","","",
"Vietnam","VNM","Technicians in R&D (per million people)","SP.POP.TECH.RD.P6","","","","","","","","","","","","","","","","","","","","","","","","","","","","","","","","","","","","","","","","","","","","","","","","","","","","","","70.99522","","65.57177","","71.49","","","","",
"Vanuatu","VUT","Technicians in R&D (per million people)","SP.POP.TECH.RD.P6","","","","","","","","","","","","","","","","","","","","","","","","","","","","","","","","","","","","","","","","","","","","","","","","","","","","","","","","","","","","","","",
"World","WLD","Technicians in R&D (per million people)","SP.POP.TECH.RD.P6","","","","","","","","","","","","","","","","","","","","","","","","","","","","","","","","","","","","","","","","","","","","","","","","","","","","","","","","","","","","","","",
"Samoa","WSM","Technicians in R&D (per million people)","SP.POP.TECH.RD.P6","","","","","","","","","","","","","","","","","","","","","","","","","","","","","","","","","","","","","","","","","","","","","","","","","","","","","","","","","","","","","","",
"Kosovo","XKX","Technicians in R&D (per million people)","SP.POP.TECH.RD.P6","","","","","","","","","","","","","","","","","","","","","","","","","","","","","","","","","","","","","","","","","","","","","","","","","","","","","","","","","","","","","","",
"Yemen, Rep.","YEM","Technicians in R&D (per million people)","SP.POP.TECH.RD.P6","","","","","","","","","","","","","","","","","","","","","","","","","","","","","","","","","","","","","","","","","","","","","","","","","","","","","","","","","","","","","","",
"South Africa","ZAF","Technicians in R&D (per million people)","SP.POP.TECH.RD.P6","","","","","","","","","","","","","","","","","","","","","","","","","","","","","","","","","","","","","","151.74192","","","","74.03787","","110.06183","109.44225","109.61099","130.57869","123.38131","120.9816","114.74907","105.62145","107.04727","124.58771","128.6247","141.7438","138.81214","134.55643","129.50941","","","","",
"Zambia","ZMB","Technicians in R&D (per million people)","SP.POP.TECH.RD.P6","","","","","","","","","","","","","","","","","","","","","","","","","","","","","","","","","","","","","15.418","16.46243","15.81112","16.07406","","","","","","","","","64.521","","","","","","","","","","","","","",
"Zimbabwe","ZWE","Technicians in R&D (per million people)","SP.POP.TECH.RD.P6","","","","","","","","","","","","","","","","","","","","","","","","","","","","","","","","","","","","","","","","","","","","","","","","","","","","","10.7433","","","","","","","","","",
